{
	"pages": [
		//pages数组中第一项表示应用启动页，参考：https://uniapp.dcloud.io/collocation/pages
		{
			"path": "pages/login/login",
			"name": "login",
			"style": {
				"navigationBarTitleText": "",
				"enablePullDownRefresh": false
			},
			"meta": {

			}
		},
		{
			"path": "pages/tabbar/tabbar-1/tabbar-1",
			"name": "tabbar-1",
			"style": {
				"navigationBarTitleText": "uni-app"
			},
			"meta": {
				"auth": true
			}
		},
		{
			"path": "pages/tabbar/tabbar-2/tabbar-2",
			"style": {},
			"meta": {
				"auth": true
			}
		},
		{
			"path": "pages/tabbar/tabbar-3/tabbar-3",
			"style": {},
			"meta": {
				"auth": true
			}
		},
		{
			"path": "pages/tabbar/tabbar-4/tabbar-4",
			"style": {},
			"meta": {
				"auth": true
			}
		},
		{
			"path": "pages/tabbar/tabbar-5/tabbar-5",
			"style": {},
			"meta": {
				"auth": true
			}
		},
		{
			"path": "pages/tabbar-3-detial/tabbar-3-release/tabbar-3-release",
			"style": {},
			"meta": {
				"auth": true
			}
		},
		{
			"path": "pages/tabbar-3-detial/tabbar-3-video/tabbar-3-video",
			"style": {},
			"meta": {
				"auth": true
			}
		},
		{
			"path": "pages/tabbar-3-detial/tabbar-3-qa/tabbar-3-qa",
			"style": {},
			"meta": {
				"auth": true
			}
		}
	],
	"globalStyle": {
		"navigationBarTextStyle": "black",
		"navigationBarTitleText": "uni-app",
		"navigationBarBackgroundColor": "#F8F8F8",
		"backgroundColor": "#F8F8F8"
	},
	"tabBar": {
		"borderStyle": "black",
		"backgroundColor": "#333",
		"color": "#8F8F94",
		"selectedColor": "#f33e54",
		"list": [{
				"pagePath": "pages/tabbar/tabbar-1/tabbar-1",
				"iconPath": "static/img/tabbar/home.png",
				"selectedIconPath": "static/img/tabbar/homeactive.png",
				"text": "首页"
			},
			{
				"pagePath": "pages/tabbar/tabbar-2/tabbar-2",
				"iconPath": "static/img/tabbar/guanzhu.png",
				"selectedIconPath": "static/img/tabbar/guanzhuactive.png",
				"text": "关注"
			},
			//#ifdef MP-WEIXIN
			{
				"pagePath": "pages/tabbar/tabbar-3/tabbar-3",
				"iconPath": "static/img/tabbar/add.png",
				"selectedIconPath": "static/img/tabbar/addactive.png",
				"text": "发布"
			},
			//#endif
			//#ifndef MP-WEIXIN
			{
				"pagePath": "pages/tabbar/tabbar-3/tabbar-3",
				"iconPath": "static/img/tabbar/add.png",
				"selectedIconPath": "static/img/tabbar/addactive.png"
			},
			//#endif
			{
				"pagePath": "pages/tabbar/tabbar-4/tabbar-4",
				"iconPath": "static/img/tabbar/news.png",
				"selectedIconPath": "static/img/tabbar/newsactive.png",
				"text": "消息"
			},
			{
				"pagePath": "pages/tabbar/tabbar-5/tabbar-5",
				"iconPath": "static/img/tabbar/me.png",
				"selectedIconPath": "static/img/tabbar/meactive.png",
				"text": "我"
			}
		]
	}
}
