{
	"pages": [ //pages数组中第一项表示应用启动页，参考：https://uniapp.dcloud.io/collocation/pages
		{
			"path": "pages/index/index",
			"meta":{
				"keepScroll":true
			},
			"style": {
				"navigationBarTitleText": "uni-app"
			}
		}
	    ,{
            "path" : "pages/page2/page2",
			"meta":{
				"keepScroll":true
			},
            "style" :                                                                                    
            {
                "navigationBarTitleText": "",
                "enablePullDownRefresh": false
            }
            
        }
    ],
	"tabBar":{
		    "color": "#7A7E83",
		    "selectedColor": "#3cc51f",
		    "borderStyle": "black",
		    "backgroundColor": "#ffffff",
			"list":[
				{
					"pagePath": "pages/index/index",
					"text": "tab1"
				},
				{
					"pagePath": "pages/page2/page2",
					"text": "tab2"
				}
			]
	},
	"globalStyle": {
		"navigationBarTextStyle": "black",
		"navigationBarTitleText": "uni-app",
		"navigationBarBackgroundColor": "#F8F8F8",
		"backgroundColor": "#F8F8F8"
	}
}
